created_at,shop_id,stars,content,reviewDate,experienceDate,author,order,product_id,img
2025-06-14,3,5,"Commande reçue rapidement, défroisseur portatif vraiment pratique ! Fini les plis sur mes chemisiers. Service client top, livraison express respectée.","14/06/2025","02/06/2025","Marie L.",1,,
2025-06-13,3,5,"Super contente de mon éliminateur de peluches ! mes pulls retrouvent une seconde jeunesse. Facile à utiliser et efficace.","13/06/2025","05/06/2025","Sophie M.",2,,
2025-06-12,3,4,"Défroisseur correct, fait le travail. un peu petit mais pratique pour voyager","12/06/2025","28/05/2025","Catherine R.",3,,
2025-06-11,3,5,"Excellent ! Le nettoyeur vapeur est impressionnant, nettoie vraiment en profondeur. Mes carreaux de salle de bain n'ont jamais été aussi propres.","11/06/2025","20/05/2025","Isabelle D.",4,,
2025-06-10,3,5,"J'adore ! éliminateur de peluches tres efficace, mes canapés sont comme neufs. Livraison rapide et emballage soigné.","10/06/2025","01/06/2025","Françoise B.",5,,
2025-06-09,3,4,"Bon produit dans l'ensemble. Le défroisseur chauffe vite et fait bien son boulot. Quelques goutelettes d'eau parfois mais rien de grave.","09/06/2025","25/05/2025","Annie P.",6,,
2025-06-08,3,5,"Parfait pour mes besoins ! Le service après-vente m'a aidée quand j'avais une question. Vraiment professionnel.","08/06/2025","18/05/2025","Martine G.",7,,
2025-06-07,3,5,"Super site, livraison ultra rapide ! Mon nettoyeur vapeur est arrivé en 2 jours. Très satisfaite de mon achat.","07/06/2025","30/05/2025","Nicole T.",8,,
2025-06-06,3,4,"bien mais la notice pourrait être plus claire. sinon le produit fonctionne bien","06/06/2025","22/05/2025","Chantal V.",9,,
2025-06-05,3,5,"Wedinery c'est du sérieux ! Produits de qualité, service impeccable. Je recommande vivement.","05/06/2025","15/05/2025","Brigitte H.",10,,
2025-06-04,3,5,"Mon éliminateur de peluches fait des miracles ! Mes vêtements retrouvent leur aspect neuf. Merci Wedinery !","04/06/2025","12/05/2025","Véronique K.",11,,
2025-06-03,3,4,"Défroisseur pratique, compact comme annoncé. Parfait pour les voyages d'affaires.","03/06/2025","19/05/2025","Sylvie N.",12,,
2025-06-02,3,5,"Excellent achat ! Le nettoyeur vapeur décrasse tout sans produits chimiques. Écologique et efficace !","02/06/2025","08/05/2025","Monique J.",13,,
2025-06-01,3,5,"Service client au top ! Ils ont répondu à toutes mes questions avant l'achat. Très professionnel.","01/06/2025","14/05/2025","Jacqueline F.",14,,
2025-05-31,3,4,"Bon rapport qualité prix. Le défroisseur fait son travail correctement.","31/05/2025","07/05/2025","Danielle C.",15,,
2025-05-30,3,5,"Livraison express respectée ! Reçu en 48h comme promis. Le produit correspond parfaitement à la description.","30/05/2025","11/05/2025","Patricia S.",16,,
2025-05-29,3,5,"J'ai acheté l'éliminateur de peluches et je ne regrette pas ! Mes tissus d'ameublement ont retrouvé leur éclat.","29/05/2025","03/05/2025","Michèle A.",17,,
2025-05-28,3,4,"Défroisseur efficace mais un peu bruyant. Sinon ça fait le job !","28/05/2025","16/05/2025","Denise O.",18,,
2025-05-27,3,5,"Parfait ! Nettoyeur vapeur très puissant, nettoie même les joints de carrelage. Impressionnant !","27/05/2025","01/05/2025","Colette E.",19,,
2025-05-26,3,5,"Site sérieux, produits conformes. L'emballage cadeau offert était un plus appréciable.","26/05/2025","09/05/2025","Ginette U.",20,,
2025-05-25,3,4,"Bien dans l'ensemble. éliminateur de peluches pratique à utiliser.","25/05/2025","13/05/2025","Yvette I.",21,,
2025-05-24,3,5,"Excellent service ! Question posée le matin, réponse dans l'après-midi. Très réactif.","24/05/2025","28/04/2025","Simone Y.",22,,
2025-05-23,3,5,"Le défroisseur portatif est génial ! Parfait pour les retouches rapides. Chauffe vite et efficace.","23/05/2025","06/05/2025","Huguette Q.",23,,
2025-05-22,3,4,"Produit correct, livraison dans les temps. rien à redire","22/05/2025","30/04/2025","Georgette W.",24,,
2025-05-21,3,5,"Mon nettoyeur vapeur est formidable ! Nettoie sans effort les surfaces les plus sales. Je recommande !","21/05/2025","25/04/2025","Pierrette X.",25,,
2025-05-20,3,5,"Wedinery tient ses promesses ! Livraison gratuite, produit de qualité, service client disponible.","20/05/2025","02/05/2025","Jeannette Z.",26,,
2025-05-19,3,4,"L'éliminateur de peluches fonctionne bien sur mes pulls en laine. Pratique et efficace.","19/05/2025","05/05/2025","Bernadette L.",27,,
2025-05-18,3,5,"Super achat ! Le défroisseur a sauvé ma garde-robe. Plus besoin de sortir la planche à repasser !","18/05/2025","26/04/2025","Andrée M.",28,,
2025-05-17,3,5,"Parfait ! Commande facile, livraison rapide, produit conforme. Rien à dire !","17/05/2025","03/05/2025","Henriette R.",29,,
2025-05-16,3,4,"Nettoyeur vapeur efficace. Un peu lourd mais ça nettoie vraiment bien.","16/05/2025","22/04/2025","Thérèse D.",30,,
2025-05-15,3,5,"Je suis ravie ! L'éliminateur de peluches a redonné vie à mes coussins. Excellent produit !","15/05/2025","29/04/2025","Madeleine B.",31,,
2025-05-14,3,5,"Service après-vente réactif ! Petit souci résolu rapidement par téléphone. Très professionnel.","14/05/2025","18/04/2025","Germaine P.",32,,
2025-05-13,3,4,"Défroisseur pratique pour les déplacements. Compact et efficace.","13/05/2025","01/05/2025","Lucienne G.",33,,
2025-05-12,3,5,"Excellent ! Le nettoyeur vapeur nettoie sans produits chimiques. Parfait pour ma famille.","12/05/2025","15/04/2025","Fernande T.",34,,
2025-05-11,3,5,"Wedinery c'est du pro ! Livraison express tenue, emballage soigné, produit top.","11/05/2025","27/04/2025","Raymonde V.",35,,
2025-05-10,3,4,"Bon éliminateur de peluches. fait le travail sans problème","10/05/2025","24/04/2025","Marcelle H.",36,,
2025-05-09,3,5,"Le défroisseur portatif est parfait ! Idéal pour les voyages et les retouches quotidiennes.","09/05/2025","11/04/2025","Odette K.",37,,
2025-05-08,3,5,"Super satisfaite ! Nettoyeur vapeur très puissant, mes sols sont impeccables.","08/05/2025","20/04/2025","Paulette N.",38,,
2025-05-07,3,4,"Produit conforme à la description. Livraison dans les temps.","07/05/2025","13/04/2025","Rolande J.",39,,
2025-05-06,3,5,"J'adore mon éliminateur de peluches ! Mes vêtements ont l'air neufs. Merci Wedinery !","06/05/2025","16/04/2025","Josette F.",40,,
2025-05-05,3,5,"Excellent service client ! Ils m'ont conseillée pour choisir le bon produit. Très pro !","05/05/2025","07/04/2025","Solange C.",41,,
2025-05-04,3,4,"Défroisseur correct. un peu petit mais ça dépanne bien","04/05/2025","12/04/2025","Arlette S.",42,,
2025-05-03,3,5,"Le nettoyeur vapeur est fantastique ! Nettoie même les taches incrustées. Impressionnant !","03/05/2025","05/04/2025","Jacqueline A.",43,,
2025-05-02,3,5,"Site sérieux, livraison rapide ! Reçu mon colis en 2 jours. Très satisfaite.","02/05/2025","17/04/2025","Claudette O.",44,,
2025-05-01,3,4,"L'éliminateur de peluches fonctionne bien sur mes tissus d'ameublement.","01/05/2025","09/04/2025","Juliette E.",45,,
2025-04-30,3,5,"Parfait ! Le défroisseur chauffe rapidement et fait disparaître tous les plis. Génial !","30/04/2025","14/04/2025","Christiane U.",46,,
2025-04-29,3,5,"Service impeccable ! Question par mail, réponse le jour même. Très réactif.","29/04/2025","01/04/2025","Louisette I.",47,,
2025-04-28,3,4,"Nettoyeur vapeur efficace mais notice en anglais. Sinon ça marche bien.","28/04/2025","06/04/2025","Suzanne Y.",48,,
2025-04-27,3,5,"Excellent achat ! L'éliminateur de peluches a sauvé mes pulls préférés.","27/04/2025","02/04/2025","Georgette Q.",49,,
2025-04-26,3,5,"Wedinery au top ! Produits de qualité, service irréprochable. Je recommande !","26/04/2025","10/04/2025","Marguerite W.",50,,
2025-04-25,3,4,"Défroisseur pratique pour les voyages. Compact et léger.","25/04/2025","31/03/2025","Antoinette X.",51,,
2025-04-24,3,5,"Le nettoyeur vapeur décrasse tout ! Mes joints de carrelage sont comme neufs.","24/04/2025","08/04/2025","Berthe Z.",52,,
2025-04-23,3,5,"Super service ! Livraison express respectée, emballage cadeau offert. Parfait !","23/04/2025","29/03/2025","Léonie L.",53,,
2025-04-22,3,4,"Éliminateur de peluches efficace. mes vêtements sont comme neufs","22/04/2025","04/04/2025","Jeanne M.",54,,
2025-04-21,3,5,"Excellent ! Le défroisseur portatif est devenu indispensable. Fini la corvée repassage !","21/04/2025","26/03/2025","Augustine R.",55,,
2025-04-20,3,5,"Service client formidable ! Ils ont résolu mon petit problème très rapidement.","20/04/2025","03/04/2025","Célestine D.",56,,
2025-04-19,3,4,"Nettoyeur vapeur correct. Fait le travail mais un peu lourd à manipuler.","19/04/2025","25/03/2025","Ernestine B.",57,,
2025-04-18,3,5,"J'adore ! L'éliminateur de peluches redonne vie à tous mes textiles. Magique !","18/04/2025","01/04/2025","Alexandrine P.",58,,
2025-04-17,3,5,"Site professionnel, livraison rapide ! Mon défroisseur est arrivé nickel.","17/04/2025","22/03/2025","Clémentine G.",59,,
2025-04-16,3,4,"Produit conforme, rien à redire. fait son travail correctement","16/04/2025","30/03/2025","Valentine T.",60,,
2025-04-15,3,5,"Le nettoyeur vapeur est fantastique ! Nettoie sans effort et sans chimie.","15/04/2025","18/03/2025","Alphonsine V.",61,,
2025-04-14,3,5,"Excellent service ! Question posée le soir, réponse le lendemain matin. Top !","14/04/2025","27/03/2025","Joséphine H.",62,,
2025-04-13,3,4,"L'éliminateur de peluches fait bien son travail sur mes pulls.","13/04/2025","21/03/2025","Philomène K.",63,,
2025-04-12,3,5,"Parfait ! Le défroisseur portatif est super pratique pour les retouches express.","12/04/2025","28/03/2025","Blandine N.",64,,
2025-04-11,3,5,"Wedinery tient ses promesses ! Qualité, rapidité, service. Tout y est !","11/04/2025","15/03/2025","Stéphanie J.",65,,
2025-04-10,3,4,"Nettoyeur vapeur efficace mais notice peu claire. Sinon ça marche bien.","10/04/2025","24/03/2025","Laurence F.",66,,
2025-04-09,3,5,"Super achat ! L'éliminateur de peluches a redonné une seconde vie à mes textiles.","09/04/2025","13/03/2025","Sandrine C.",67,,
2025-04-08,3,5,"Service après-vente au top ! Problème résolu en 24h. Très professionnel.","08/04/2025","20/03/2025","Nathalie S.",68,,
2025-04-07,3,4,"Défroisseur correct. Compact et pratique pour les déplacements.","07/04/2025","12/03/2025","Valérie A.",69,,
2025-04-06,3,5,"Le nettoyeur vapeur est impressionnant ! Nettoie même les taches anciennes.","06/04/2025","17/03/2025","Sylviane O.",70,,
2025-04-05,3,5,"Excellent ! Site sérieux, produit conforme, livraison express. Parfait !","05/04/2025","09/03/2025","Christelle E.",71,,
2025-04-04,3,4,"L'éliminateur de peluches fonctionne bien. mes canapés sont nickel","04/04/2025","16/03/2025","Pascale U.",72,,
2025-04-03,3,5,"J'adore mon défroisseur ! Fini les plis, mes vêtements sont impeccables.","03/04/2025","07/03/2025","Corinne I.",73,,
2025-04-02,3,5,"Service client réactif ! Réponse rapide à mes questions. Très pro !","02/04/2025","14/03/2025","Fabienne Y.",74,,
2025-04-01,3,4,"Nettoyeur vapeur correct mais un peu bruyant. Sinon efficace.","01/04/2025","05/03/2025","Dominique Q.",75,,
2025-03-31,3,5,"Excellent produit ! L'éliminateur de peluches redonne vie à mes vêtements.","31/03/2025","11/03/2025","Murielle W.",76,,
2025-03-30,3,5,"Wedinery c'est du sérieux ! Livraison express, emballage soigné. Top !","30/03/2025","03/03/2025","Karine X.",77,,
2025-03-29,3,4,"Défroisseur pratique. fait son travail sans problème","29/03/2025","08/03/2025","Céline Z.",78,,
2025-03-28,3,5,"Le nettoyeur vapeur décrasse tout ! Mes carreaux de salle de bain brillent.","28/03/2025","01/03/2025","Sabine L.",79,,
2025-03-27,3,5,"Super service ! Question par chat, réponse immédiate. Très réactif.","27/03/2025","06/03/2025","Martine M.",80,,
2025-03-26,3,4,"L'éliminateur de peluches fait bien le job sur mes tissus.","26/03/2025","28/02/2025","Christine R.",81,,
2025-03-25,3,5,"Parfait ! Le défroisseur portatif est devenu mon allié quotidien.","25/03/2025","04/03/2025","Éliane D.",82,,
2025-03-24,3,5,"Excellent achat ! Site professionnel, produit de qualité. Je recommande !","24/03/2025","26/02/2025","Jocelyne B.",83,,
2025-03-23,3,4,"Nettoyeur vapeur efficace mais notice en anglais uniquement.","23/03/2025","02/03/2025","Evelyne P.",84,,
2025-03-22,3,5,"J'adore ! L'éliminateur de peluches fait des miracles sur mes pulls.","22/03/2025","25/02/2025","Françoise G.",85,,
2025-03-21,3,5,"Service impeccable ! Livraison dans les temps, emballage cadeau offert.","21/03/2025","28/02/2025","Brigitte T.",86,,
2025-03-20,3,4,"Défroisseur correct. Compact et pratique pour voyager.","20/03/2025","23/02/2025","Monique V.",87,,
2025-03-19,3,5,"Le nettoyeur vapeur est fantastique ! Nettoie sans produits chimiques.","19/03/2025","27/02/2025","Jacqueline H.",88,,
2025-03-18,3,5,"Wedinery au top ! Produits conformes, service client réactif. Parfait !","18/03/2025","21/02/2025","Nicole K.",89,,
2025-03-17,3,4,"L'éliminateur de peluches fonctionne bien. mes vêtements sont comme neufs","17/03/2025","25/02/2025","Chantal N.",90,,
2025-03-16,3,5,"Super ! Le défroisseur chauffe vite et élimine tous les plis.","16/03/2025","19/02/2025","Annie J.",91,,
2025-03-15,3,5,"Excellent service ! Question le matin, réponse l'après-midi. Très pro !","15/03/2025","24/02/2025","Véronique F.",92,,
2025-03-14,3,4,"Nettoyeur vapeur efficace mais un peu lourd à manipuler.","14/03/2025","17/02/2025","Sylvie C.",93,,
2025-03-13,3,5,"J'adore mon éliminateur de peluches ! Mes canapés ont retrouvé leur éclat.","13/03/2025","22/02/2025","Isabelle S.",94,,
2025-03-12,3,5,"Site sérieux ! Livraison express respectée, produit conforme. Parfait !","12/03/2025","015/02/2025","Marie-Claire A.",95,,
2025-03-11,3,4,"Défroisseur pratique. fait le travail correctement","11/03/2025","20/02/2025","Danielle O.",96,,
2025-03-10,3,5,"Le nettoyeur vapeur nettoie même les joints de carrelage ! Impressionnant !","10/03/2025","13/02/2025","Patricia E.",97,,
2025-03-09,3,5,"Service après-vente formidable ! Problème résolu rapidement par téléphone.","09/03/2025","18/02/2025","Michèle U.",98,,
2025-03-08,3,4,"L'éliminateur de peluches fait son travail sur mes pulls en laine.","08/03/2025","12/02/2025","Denise I.",99,,
2025-03-07,3,5,"Parfait ! Le défroisseur portatif est super pratique pour les retouches.","07/03/2025","16/02/2025","Colette Y.",100,,
2025-03-06,3,5,"Wedinery tient ses promesses ! Qualité, rapidité, service. Top !","06/03/2025","10/02/2025","Ginette Q.",101,,
2025-03-05,3,4,"Nettoyeur vapeur correct mais notice peu détaillée.","05/03/2025","14/02/2025","Yvette W.",102,,
2025-03-04,3,5,"Excellent ! L'éliminateur de peluches a sauvé mes textiles d'ameublement.","04/03/2025","08/02/2025","Simone X.",103,,
2025-03-03,3,5,"Super service client ! Réponse rapide et solution efficace. Très pro !","03/03/2025","11/02/2025","Huguette Z.",104,,
2025-03-02,3,4,"Défroisseur efficace. Compact et pratique pour les déplacements.","02/03/2025","06/02/2025","Georgette L.",105,,
2025-03-01,3,5,"Le nettoyeur vapeur décrasse tout sans effort ! Mes sols sont impeccables.","01/03/2025","09/02/2025","Pierrette M.",106,,
2025-02-28,3,5,"Excellent achat ! Site professionnel, livraison express. Je recommande !","28/02/2025","04/02/2025","Jeannette R.",107,,
2025-02-27,3,4,"L'éliminateur de peluches fonctionne bien. mes vêtements sont nickel","27/02/2025","07/02/2025","Bernadette D.",108,,
2025-02-26,3,5,"J'adore mon défroisseur ! Plus besoin de sortir la planche à repasser.","26/02/2025","02/02/2025","Andrée B.",109,,
2025-02-25,3,5,"Service impeccable ! Question par mail, réponse le jour même.","25/02/2025","05/02/2025","Henriette P.",110,,
2025-02-24,3,3,"Nettoyeur vapeur correct mais plus petit que prévu. Fait le travail quand même.","24/02/2025","31/01/2025","Thérèse G.",111,,
2025-02-23,3,5,"Excellent ! L'éliminateur de peluches redonne vie à tous mes textiles.","23/02/2025","03/02/2025","Madeleine T.",112,,
2025-02-22,3,5,"Wedinery c'est du pro ! Livraison rapide, emballage soigné. Parfait !","22/02/2025","29/01/2025","Germaine V.",113,,
2025-02-21,3,4,"Défroisseur pratique pour les voyages. Compact et efficace.","21/02/2025","01/02/2025","Lucienne H.",114,,
2025-02-20,3,5,"Le nettoyeur vapeur nettoie sans produits chimiques ! Parfait pour ma famille.","20/02/2025","27/01/2025","Fernande K.",115,,
2025-02-19,3,5,"Super service ! Livraison express tenue, produit conforme. Top !","19/02/2025","30/01/2025","Raymonde N.",116,,
2025-02-18,3,4,"L'éliminateur de peluches fait bien son travail sur mes canapés.","18/02/2025","25/01/2025","Marcelle J.",117,,
2025-02-17,3,5,"Parfait ! Le défroisseur chauffe rapidement et élimine tous les plis.","17/02/2025","28/01/2025","Odette F.",118,,
2025-02-16,3,5,"Excellent service client ! Ils m'ont conseillée pour choisir le bon produit.","16/02/2025","23/01/2025","Paulette C.",119,,
2025-02-15,3,4,"Nettoyeur vapeur efficace mais un peu bruyant en fonctionnement.","15/02/2025","26/01/2025","Rolande S.",120,,
2025-02-14,3,5,"J'adore ! L'éliminateur de peluches a redonné une seconde vie à mes pulls.","14/02/2025","21/01/2025","Josette A.",121,,
2025-02-13,3,5,"Site sérieux ! Commande facile, livraison dans les temps. Parfait !","13/02/2025","24/01/2025","Solange O.",122,,
2025-02-12,3,4,"Défroisseur correct. fait son travail sans problème","12/02/2025","19/01/2025","Arlette E.",123,,
2025-02-11,3,5,"Le nettoyeur vapeur décrasse même les taches incrustées ! Impressionnant !","11/02/2025","22/01/2025","Jacqueline U.",124,,
2025-02-10,3,5,"Service après-vente au top ! Petit problème résolu très rapidement.","10/02/2025","17/01/2025","Claudette I.",125,,
2025-02-09,3,4,"L'éliminateur de peluches fonctionne bien sur mes tissus d'ameublement.","09/02/2025","20/01/2025","Juliette Y.",126,,
2025-02-08,3,5,"Excellent ! Le défroisseur portatif est devenu indispensable au quotidien.","08/02/2025","15/01/2025","Christiane Q.",127,,
2025-02-07,3,5,"Wedinery tient ses engagements ! Produit de qualité, service irréprochable.","07/02/2025","18/01/2025","Louisette W.",128,,
2025-02-06,3,4,"Nettoyeur vapeur correct mais manuel d'utilisation peu clair.","06/02/2025","13/01/2025","Suzanne X.",129,,
2025-02-05,3,5,"J'adore mon éliminateur de peluches ! Mes vêtements ont l'air neufs.","05/02/2025","16/01/2025","Georgette Z.",130,,
2025-02-04,3,5,"Super service ! Question par chat, réponse immédiate. Très réactif.","04/02/2025","11/01/2025","Marguerite L.",131,,
2025-02-03,3,4,"Défroisseur pratique. Compact et léger pour les voyages.","03/02/2025","14/01/2025","Antoinette M.",132,,
2025-02-02,3,5,"Le nettoyeur vapeur nettoie les joints de carrelage ! Mes carreaux brillent.","02/02/2025","09/01/2025","Berthe R.",133,,
2025-02-01,3,5,"Excellent achat ! Site professionnel, livraison express. Je recommande !","01/02/2025","12/01/2025","Léonie D.",134,,
2025-01-31,3,4,"L'éliminateur de peluches fait son travail correctement sur mes pulls.","31/01/2025","07/01/2025","Jeanne B.",135,,
2025-01-30,3,5,"Parfait ! Le défroisseur élimine tous les plis en quelques secondes.","30/01/2025","10/01/2025","Augustine P.",136,,
2025-01-29,3,5,"Service client formidable ! Problème résolu rapidement par téléphone.","29/01/2025","05/01/2025","Célestine G.",137,,
2025-01-28,3,4,"Nettoyeur vapeur efficace mais un peu lourd à porter.","28/01/2025","08/01/2025","Ernestine T.",138,,
2025-01-27,3,5,"Excellent ! L'éliminateur de peluches redonne vie à tous mes textiles.","27/01/2025","03/01/2025","Alexandrine V.",139,,
2025-01-26,3,5,"Wedinery au top ! Livraison express, emballage cadeau offert. Parfait !","26/01/2025","06/01/2025","Clémentine H.",140,,
2025-01-25,3,4,"Défroisseur correct. fait le travail sans problème","25/01/2025","01/01/2025","Valentine K.",141,,
2025-01-24,3,5,"Le nettoyeur vapeur nettoie sans effort ! Mes sols sont impeccables.","24/01/2025","04/01/2025","Alphonsine N.",142,,
2025-01-23,3,5,"Super service ! Question le matin, réponse l'après-midi. Très pro !","23/01/2025","29/12/2024","Joséphine J.",143,,
2025-01-22,3,4,"L'éliminateur de peluches fonctionne bien sur mes canapés en tissu.","22/01/2025","02/01/2025","Philomène F.",144,,
2025-01-21,3,5,"J'adore mon défroisseur ! Fini la corvée planche à repasser.","21/01/2025","27/12/2024","Blandine C.",145,,
2025-01-20,3,5,"Excellent achat ! Site sérieux, produit conforme. Je recommande !","20/01/2025","31/12/2024","Stéphanie S.",146,,
2025-01-19,3,3,"Nettoyeur vapeur correct mais notice uniquement en anglais. Dommage.","19/01/2025","25/12/2024","Laurence A.",147,,
2025-01-18,3,5,"Le défroisseur portatif fait des merveilles sur mes chemises. Compact et pratique. Commande facile sur le site, service client réactif quand j'ai eu une question.","18/01/2025","30/12/2024","Sandrine O.",148,,
2025-01-17,3,5,"Service après-vente au top ! Ils ont résolu mon petit souci très rapidement.","17/01/2025","23/12/2024","Nathalie E.",149,,
2025-01-16,3,4,"L'éliminateur de peluches fait bien son travail sur mes pulls en laine.","16/01/2025","28/12/2024","Valérie U.",150,,
2025-01-15,3,5,"Parfait ! Le nettoyeur vapeur décrasse même les joints de carrelage.","15/01/2025","21/12/2024","Sylviane I.",151,,
2025-01-14,3,5,"Wedinery c'est du sérieux ! Livraison rapide, produit de qualité.","14/01/2025","26/12/2024","Christelle Y.",152,,
2025-01-13,3,4,"Défroisseur pratique pour les déplacements. Compact et efficace.","13/01/2025","19/12/2024","Pascale Q.",153,,
2025-01-12,3,5,"Excellent ! L'éliminateur de peluches a sauvé mes textiles d'ameublement.","12/01/2025","24/12/2024","Corinne W.",154,,
2025-01-11,3,5,"Super service client ! Réponse rapide par mail. Très professionnel.","11/01/2025","17/12/2024","Fabienne X.",155,,
2025-01-10,3,4,"Nettoyeur vapeur efficace mais un peu bruyant en marche.","10/01/2025","22/12/2024","Dominique Z.",156,,
2025-01-09,3,5,"J'adore mon défroisseur ! Plus besoin de sortir la planche à repasser.","09/01/2025","15/12/2024","Murielle L.",157,,
2025-01-08,3,5,"Site professionnel ! Commande facile, livraison express respectée.","08/01/2025","20/12/2024","Karine M.",158,,
2025-01-07,3,4,"L'éliminateur de peluches fonctionne correctement sur mes vêtements.","07/01/2025","13/12/2024","Céline R.",159,,
2025-01-06,3,5,"Le nettoyeur vapeur nettoie sans produits chimiques ! Parfait pour ma famille.","06/01/2025","18/12/2024","Sabine D.",160,,
2025-01-05,3,5,"Excellent service ! Question par chat, réponse immédiate. Top !","05/01/2025","11/12/2024","Martine B.",161,,
2025-01-04,3,4,"Défroisseur correct. fait son travail sans problème","04/01/2025","16/12/2024","Christine P.",162,,
2025-01-03,3,5,"Parfait ! L'éliminateur de peluches redonne vie à mes canapés.","03/01/2025","09/12/2024","Éliane G.",163,,
2025-01-02,3,5,"Wedinery tient ses promesses ! Qualité, rapidité, service. Parfait !","02/01/2025","14/12/2024","Jocelyne T.",164,,
2025-01-01,3,4,"Nettoyeur vapeur efficace mais manuel peu détaillé.","01/01/2025","07/12/2024","Evelyne V.",165,,
2024-12-31,3,5,"J'adore mon défroisseur ! Chauffe vite et élimine tous les plis.","31/12/2024","12/12/2024","Françoise H.",166,,
2024-12-30,3,5,"Super service ! Livraison express tenue, emballage cadeau offert.","30/12/2024","05/12/2024","Brigitte K.",167,,
2024-12-29,3,4,"L'éliminateur de peluches fait bien son travail sur mes tissus.","29/12/2024","10/12/2024","Monique N.",168,,
2024-12-28,3,5,"Le nettoyeur vapeur décrasse tout ! Mes carreaux de salle de bain brillent.","28/12/2024","03/12/2024","Jacqueline J.",169,,
2024-12-27,3,5,"Excellent achat ! Site sérieux, produit conforme. Je recommande !","27/12/2024","08/12/2024","Nicole F.",170,,
2024-12-26,3,4,"Défroisseur pratique. Compact et léger pour voyager.","26/12/2024","01/12/2024","Chantal C.",171,,
2024-12-25,3,5,"Parfait ! L'éliminateur de peluches a redonné vie à mes pulls.","25/12/2024","06/12/2024","Annie S.",172,,
2024-12-24,3,5,"Service client réactif ! Question le soir, réponse le lendemain matin.","24/12/2024","29/11/2024","Véronique A.",173,,
2024-12-23,3,4,"Nettoyeur vapeur correct mais un peu lourd à manipuler.","23/12/2024","04/12/2024","Sylvie O.",174,,
2024-12-22,3,5,"Excellent ! Le défroisseur portatif est devenu indispensable.","22/12/2024","27/11/2024","Isabelle E.",175,,
2024-12-21,3,5,"Wedinery au top ! Livraison rapide, service impeccable. Parfait !","21/12/2024","02/12/2024","Marie-Claire U.",176,,
2024-12-20,3,4,"L'éliminateur de peluches fonctionne bien sur mes canapés.","20/12/2024","25/11/2024","Danielle I.",177,,
2024-12-19,3,5,"Le nettoyeur vapeur nettoie même les taches anciennes ! Impressionnant !","19/12/2024","30/11/2024","Patricia Y.",178,,
2024-12-18,3,5,"Super service ! Question par mail, réponse dans la journée.","18/12/2024","23/11/2024","Michèle Q.",179,,
2024-12-17,3,4,"Défroisseur efficace. fait le travail correctement","17/12/2024","28/11/2024","Denise W.",180,,
2024-12-16,3,5,"J'adore mon éliminateur de peluches ! Mes vêtements sont comme neufs.","16/12/2024","21/11/2024","Colette X.",181,,
2024-12-15,3,5,"Excellent achat ! Site professionnel, livraison express. Top !","15/12/2024","26/11/2024","Ginette Z.",182,,
2024-12-14,3,3,"Nettoyeur vapeur correct mais notice en anglais seulement. Pas pratique.","14/12/2024","19/11/2024","Yvette L.",183,,
2024-12-13,3,5,"Parfait ! Le défroisseur chauffe rapidement et fait disparaître les plis.","13/12/2024","24/11/2024","Simone M.",184,,
2024-12-12,3,5,"Service après-vente formidable ! Problème résolu très rapidement.","12/12/2024","17/11/2024","Huguette R.",185,,
2024-12-11,3,4,"L'éliminateur de peluches fait son travail sur mes tissus d'ameublement.","11/12/2024","22/11/2024","Georgette D.",186,,
2024-12-10,3,5,"Le nettoyeur vapeur décrasse sans effort ! Mes sols sont impeccables.","10/12/2024","15/11/2024","Pierrette B.",187,,
2024-12-09,3,5,"Wedinery c'est du pro ! Produit de qualité, service irréprochable.","09/12/2024","20/11/2024","Jeannette P.",188,,
2024-12-08,3,4,"Défroisseur pratique pour les voyages. Compact et efficace.","08/12/2024","13/11/2024","Bernadette G.",189,,
2024-12-07,3,5,"Excellent ! L'éliminateur de peluches redonne vie à tous mes textiles.","07/12/2024","18/11/2024","Andrée T.",190,,
2024-12-06,3,5,"Super service client ! Ils m'ont conseillée pour choisir le bon produit.","06/12/2024","11/11/2024","Henriette V.",191,,
2024-12-05,3,4,"Nettoyeur vapeur efficace mais un peu bruyant en fonctionnement.","05/12/2024","16/11/2024","Thérèse H.",192,,
2024-12-04,3,5,"J'adore mon défroisseur ! Fini la corvée planche à repasser.","04/12/2024","09/11/2024","Madeleine K.",193,,
2024-12-03,3,5,"Site sérieux ! Commande facile, livraison dans les temps.","03/12/2024","14/11/2024","Germaine N.",194,,
2024-12-02,3,4,"L'éliminateur de peluches fonctionne correctement sur mes pulls.","02/12/2024","07/11/2024","Lucienne J.",195,,
2024-12-01,3,5,"Le nettoyeur vapeur nettoie sans produits chimiques ! Parfait !","01/12/2024","12/11/2024","Fernande F.",196,,
2024-11-30,3,5,"Excellent service ! Question par chat, réponse immédiate.","30/11/2024","05/11/2024","Raymonde C.",197,,
2024-11-29,3,4,"Défroisseur correct. fait son travail sans problème","29/11/2024","10/11/2024","Marcelle S.",198,,
2024-11-28,3,5,"Parfait ! L'éliminateur de peluches a sauvé mes canapés en tissu.","28/11/2024","03/11/2024","Odette A.",199,,
2024-11-27,3,5,"Wedinery tient ses engagements ! Livraison express, produit conforme.","27/11/2024","08/11/2024","Paulette O.",200,,
2024-11-26,3,4,"Nettoyeur vapeur efficace mais manuel d'utilisation peu clair.","26/11/2024","01/11/2024","Rolande E.",201,,
2024-11-25,3,5,"Excellent ! Le défroisseur portatif est super pratique au quotidien.","25/11/2024","06/11/2024","Josette U.",202,,
2024-11-24,3,5,"Super service ! Livraison rapide, emballage cadeau offert.","24/11/2024","29/10/2024","Solange I.",203,,
2024-11-23,3,4,"L'éliminateur de peluches fait bien son travail sur mes vêtements.","23/11/2024","04/11/2024","Arlette Y.",204,,
2024-11-22,3,5,"Le nettoyeur vapeur décrasse même les joints de carrelage !","22/11/2024","27/10/2024","Jacqueline Q.",205,,
2024-11-21,3,5,"Service client au top ! Réponse rapide et solution efficace.","21/11/2024","02/11/2024","Claudette W.",206,,
2024-11-20,3,4,"Défroisseur pratique. Compact et léger pour les déplacements.","20/11/2024","25/10/2024","Juliette X.",207,,
2024-11-19,3,5,"J'adore mon éliminateur de peluches ! Mes textiles ont retrouvé leur éclat.","19/11/2024","31/10/2024","Christiane Z.",208,,
2024-11-18,3,5,"Excellent achat ! Site professionnel, service irréprochable.","18/11/2024","23/10/2024","Louisette L.",209,,
2024-11-17,3,3,"Nettoyeur vapeur correct mais plus petit que sur les photos. Fait le travail.","17/11/2024","28/10/2024","Suzanne M.",210,,
2024-11-16,3,5,"Parfait ! Le défroisseur chauffe vite et élimine tous les plis.","16/11/2024","21/10/2024","Georgette R.",211,,
2024-11-15,3,5,"Service après-vente formidable ! Problème résolu rapidement.","15/11/2024","26/10/2024","Marguerite D.",212,,
2024-11-14,3,4,"L'éliminateur de peluches fonctionne bien sur mes canapés.","14/11/2024","19/10/2024","Antoinette B.",213,,
2024-11-13,3,5,"Le nettoyeur vapeur nettoie sans effort ! Mes carreaux brillent.","13/11/2024","24/10/2024","Berthe P.",214,,
2024-11-12,3,5,"Wedinery au top ! Livraison express, produit de qualité.","12/11/2024","17/10/2024","Léonie G.",215,,
2024-11-11,3,4,"Défroisseur efficace. fait le travail correctement","11/11/2024","22/10/2024","Jeanne T.",216,,
2024-11-10,3,5,"Excellent ! L'éliminateur de peluches redonne vie à mes pulls.","10/11/2024","15/10/2024","Augustine V.",217,,
2024-11-09,3,5,"Super service client ! Question par mail, réponse le jour même.","09/11/2024","20/10/2024","Célestine H.",218,,
2024-11-08,3,4,"Nettoyeur vapeur efficace mais un peu bruyant.","08/11/2024","13/10/2024","Ernestine K.",219,,
2024-11-07,3,5,"J'adore mon défroisseur ! Plus besoin de la planche à repasser.","07/11/2024","18/10/2024","Alexandrine N.",220,,
2024-11-06,3,5,"Site sérieux ! Commande facile, livraison dans les temps.","06/11/2024","11/10/2024","Clémentine J.",221,,
2024-11-05,3,4,"L'éliminateur de peluches fait son travail sur mes tissus.","05/11/2024","16/10/2024","Valentine F.",222,,
2024-11-04,3,5,"Le nettoyeur vapeur décrasse tout sans produits chimiques !","04/11/2024","09/10/2024","Alphonsine C.",223,,
2024-11-03,3,5,"Excellent service ! Livraison express respectée, produit conforme.","03/11/2024","14/10/2024","Joséphine S.",224,,
2024-11-02,3,4,"Défroisseur correct. Compact et pratique pour voyager.","02/11/2024","07/10/2024","Philomène A.",225,,
2024-11-01,3,5,"Parfait ! L'éliminateur de peluches a redonné vie à mes canapés.","01/11/2024","12/10/2024","Blandine O.",226,,
2024-10-31,3,5,"Service client réactif ! Problème résolu très rapidement.","31/10/2024","05/10/2024","Stéphanie E.",227,,
2024-10-30,3,4,"Nettoyeur vapeur efficace mais manuel peu détaillé.","30/10/2024","10/10/2024","Laurence U.",228,,
2024-10-29,3,5,"Excellent ! Le défroisseur portatif est devenu indispensable.","29/10/2024","03/10/2024","Sandrine I.",229,,
2024-10-28,3,5,"Wedinery c'est du sérieux ! Produit de qualité, service top.","28/10/2024","08/10/2024","Nathalie Y.",230,,
2024-10-27,3,4,"L'éliminateur de peluches fonctionne bien sur mes vêtements.","27/10/2024","01/10/2024","Valérie Q.",231,,
2024-10-26,3,5,"Le nettoyeur vapeur nettoie même les taches incrustées !","26/10/2024","06/10/2024","Sylviane W.",232,,
2024-10-25,3,5,"Super service ! Question par chat, réponse immédiate.","25/10/2024","29/09/2024","Christelle X.",233,,
2024-10-24,3,4,"Défroisseur pratique. fait son travail sans problème","24/10/2024","04/10/2024","Pascale Z.",234,,
2024-10-23,3,5,"J'adore mon éliminateur de peluches ! Mes textiles sont comme neufs.","23/10/2024","27/09/2024","Corinne L.",235,,
2024-10-22,3,5,"Excellent achat ! Site professionnel, livraison express.","22/10/2024","02/10/2024","Fabienne M.",236,,
2024-10-21,3,3,"Nettoyeur vapeur correct mais notice uniquement en anglais.","21/10/2024","25/09/2024","Dominique R.",237,,
2024-10-20,3,5,"Parfait ! Le défroisseur chauffe rapidement et fait des merveilles.","20/10/2024","30/09/2024","Murielle D.",238,,
2024-10-19,3,5,"Service après-vente au top ! Ils ont résolu mon souci rapidement.","19/10/2024","23/09/2024","Karine B.",239,,
2024-10-18,3,4,"L'éliminateur de peluches fait bien son travail sur mes canapés.","18/10/2024","28/09/2024","Céline P.",240,,
2024-10-17,3,5,"Le nettoyeur vapeur décrasse sans effort ! Mes sols sont nickel.","17/10/2024","21/09/2024","Sabine G.",241,,
2024-10-16,3,5,"Wedinery tient ses promesses ! Qualité, rapidité, service.","16/10/2024","26/09/2024","Martine T.",242,,
2024-10-15,3,4,"Défroisseur efficace. Compact et léger pour les voyages.","15/10/2024","19/09/2024","Christine V.",243,,
2024-10-14,3,5,"Excellent ! L'éliminateur de peluches redonne vie à tous mes textiles.","14/10/2024","24/09/2024","Éliane H.",244,,
2024-10-13,3,5,"Super service client ! Réponse rapide par mail. Très pro !","13/10/2024","17/09/2024","Jocelyne K.",245,,
2024-10-12,3,4,"Nettoyeur vapeur efficace mais un peu lourd à porter.","12/10/2024","22/09/2024","Evelyne N.",246,,
2024-10-11,3,5,"J'adore mon défroisseur ! Fini les plis sur mes vêtements.","11/10/2024","15/09/2024","Françoise J.",247,,
2024-10-10,3,5,"Site sérieux ! Commande facile, livraison rapide.","10/10/2024","20/09/2024","Brigitte F.",248,,
2024-10-09,3,4,"L'éliminateur de peluches fonctionne correctement sur mes pulls.","09/10/2024","13/09/2024","Monique C.",249,,
2024-10-08,3,5,"Le nettoyeur vapeur nettoie sans produits chimiques ! Parfait !","08/10/2024","18/09/2024","Jacqueline S.",250,,
2024-10-07,3,5,"Excellent service ! Question le matin, réponse l'après-midi.","07/10/2024","11/09/2024","Nicole A.",251,,
2024-10-06,3,4,"Défroisseur correct. fait le travail sans problème","06/10/2024","16/09/2024","Chantal O.",252,,
2024-10-05,3,5,"Parfait ! L'éliminateur de peluches a sauvé mes tissus d'ameublement.","05/10/2024","09/09/2024","Annie E.",253,,
2024-10-04,3,5,"Service client au top ! Ils m'ont aidée à choisir le bon produit.","04/10/2024","14/09/2024","Véronique U.",254,,
2024-10-03,3,4,"Nettoyeur vapeur efficace mais manuel peu clair.","03/10/2024","07/09/2024","Sylvie I.",255,,
2024-10-02,3,5,"Excellent ! Le défroisseur portatif est super pratique.","02/10/2024","12/09/2024","Isabelle Y.",256,,
2024-10-01,3,5,"Wedinery au top ! Livraison express, produit conforme.","01/10/2024","05/09/2024","Marie-Claire Q.",257,,
2024-09-30,3,4,"L'éliminateur de peluches fait son travail sur mes vêtements.","30/09/2024","10/09/2024","Danielle W.",258,,
2024-09-29,3,5,"Le nettoyeur vapeur décrasse même les joints de carrelage !","29/09/2024","03/09/2024","Patricia X.",259,,
2024-09-28,3,5,"Super service ! Livraison rapide, emballage cadeau offert.","28/09/2024","08/09/2024","Michèle Z.",260,,
2024-09-27,3,4,"Défroisseur pratique. Compact et efficace pour voyager.","27/09/2024","01/09/2024","Denise L.",261,,
2024-09-26,3,5,"J'adore mon éliminateur de peluches ! Mes canapés sont comme neufs.","26/09/2024","06/09/2024","Colette M.",262,,
2024-09-25,3,5,"Excellent achat ! Site professionnel, service irréprochable.","25/09/2024","30/08/2024","Ginette R.",263,,
2024-09-24,3,3,"Nettoyeur vapeur correct mais plus petit que prévu sur les photos.","24/09/2024","04/09/2024","Yvette D.",264,,
2024-09-23,3,5,"Parfait ! Le défroisseur chauffe vite et élimine tous les plis.","23/09/2024","28/08/2024","Simone B.",265,,
2024-09-22,3,5,"Service après-vente formidable ! Problème résolu rapidement.","22/09/2024","02/09/2024","Huguette P.",266,,
2024-09-21,3,4,"L'éliminateur de peluches fonctionne bien sur mes tissus.","21/09/2024","26/08/2024","Georgette G.",267,,
2024-09-20,3,5,"Le nettoyeur vapeur nettoie sans effort ! Mes sols brillent.","20/09/2024","31/08/2024","Pierrette T.",268,,
2024-09-19,3,5,"Wedinery c'est du pro ! Produit de qualité, livraison express.","19/09/2024","24/08/2024","Jeannette V.",269,,
2024-09-18,3,4,"Défroisseur efficace. fait le travail correctement","18/09/2024","29/08/2024","Bernadette H.",270,,
2024-09-17,3,5,"Excellent ! L'éliminateur de peluches redonne vie à mes pulls.","17/09/2024","22/08/2024","Andrée K.",271,,
2024-09-16,3,5,"Super service client ! Question par mail, réponse dans la journée.","16/09/2024","27/08/2024","Henriette N.",272,,
2024-09-15,3,4,"Nettoyeur vapeur efficace mais un peu bruyant en marche.","15/09/2024","20/08/2024","Thérèse J.",273,,
2024-09-14,3,5,"J'adore mon défroisseur ! Plus besoin de sortir la planche à repasser.","14/09/2024","25/08/2024","Madeleine F.",274,,
2024-09-13,3,5,"Site sérieux ! Commande facile, livraison dans les temps.","13/09/2024","18/08/2024","Germaine C.",275,,
2024-09-12,3,4,"L'éliminateur de peluches fait son travail sur mes canapés.","12/09/2024","23/08/2024","Lucienne S.",276,,
2024-09-11,3,5,"Le nettoyeur vapeur décrasse tout sans produits chimiques !","11/09/2024","16/08/2024","Fernande A.",277,,
2024-09-10,3,5,"Excellent service ! Livraison express respectée, produit top.","10/09/2024","21/08/2024","Raymonde O.",278,,
2024-09-09,3,4,"Défroisseur correct. Compact et pratique pour les voyages.","09/09/2024","14/08/2024","Marcelle E.",279,,
2024-09-08,3,5,"Parfait ! L'éliminateur de peluches a redonné vie à mes textiles.","08/09/2024","19/08/2024","Odette U.",280,,
2024-09-07,3,5,"Service client réactif ! Problème résolu très rapidement.","07/09/2024","12/08/2024","Paulette I.",281,,
2024-09-06,3,4,"Nettoyeur vapeur efficace mais manuel d'utilisation peu détaillé.","06/09/2024","17/08/2024","Rolande Y.",282,,
2024-09-05,3,5,"Excellent ! Le défroisseur portatif est devenu indispensable.","05/09/2024","10/08/2024","Josette Q.",283,,
2024-09-04,3,5,"Wedinery tient ses engagements ! Qualité, rapidité, service.","04/09/2024","15/08/2024","Solange W.",284,,
2024-09-03,3,4,"L'éliminateur de peluches fonctionne bien sur mes vêtements.","03/09/2024","08/08/2024","Arlette X.",285,,
2024-09-02,3,5,"Le nettoyeur vapeur nettoie même les taches anciennes ! Impressionnant !","02/09/2024","13/08/2024","Jacqueline Z.",286,,
2024-09-01,3,5,"Super service ! Question par chat, réponse immédiate.","01/09/2024","06/08/2024","Claudette L.",287,,
2024-08-31,3,4,"Défroisseur pratique. fait son travail sans problème","31/08/2024","11/08/2024","Juliette M.",288,,
2024-08-30,3,5,"J'adore mon éliminateur de peluches ! Mes textiles sont comme neufs.","30/08/2024","04/08/2024","Christiane R.",289,,
2024-08-29,3,5,"Excellent achat ! Site professionnel, livraison express.","29/08/2024","09/08/2024","Louisette D.",290,,
2024-08-28,3,3,"Nettoyeur vapeur correct mais notice uniquement en anglais. pas pratique","28/08/2024","02/08/2024","Suzanne B.",291,,
2024-08-27,3,5,"Parfait ! Le défroisseur chauffe rapidement et fait des merveilles.","27/08/2024","07/08/2024","Georgette P.",292,,
2024-08-26,3,5,"Service après-vente au top ! Ils ont résolu mon souci rapidement.","26/08/2024","31/07/2024","Marguerite G.",293,,
2024-08-25,3,4,"L'éliminateur de peluches fait bien son travail sur mes canapés.","25/08/2024","05/08/2024","Antoinette T.",294,,
2024-08-24,3,5,"Le nettoyeur vapeur décrasse sans effort ! Mes carreaux brillent.","24/08/2024","29/07/2024","Berthe V.",295,,
2024-08-23,3,5,"Wedinery au top ! Livraison rapide, produit de qualité.","23/08/2024","03/08/2024","Léonie H.",296,,
2024-08-22,3,4,"Défroisseur efficace. Compact et léger pour voyager.","22/08/2024","27/07/2024","Jeanne K.",297,,
2024-08-21,3,5,"Excellent ! L'éliminateur de peluches redonne vie à tous mes textiles.","21/08/2024","01/08/2024","Augustine N.",298,,
2024-08-20,3,5,"Super service client ! Réponse rapide par mail. Très pro !","20/08/2024","25/07/2024","Célestine J.",299,,
2024-08-19,3,4,"Nettoyeur vapeur efficace mais un peu lourd à manipuler.","19/08/2024","30/07/2024","Ernestine F.",300,,
2024-08-18,3,5,"J'adore mon défroisseur ! Fini les plis sur mes chemisiers.","18/08/2024","23/07/2024","Alexandrine C.",301,,
2024-08-17,3,5,"Site sérieux ! Commande facile, livraison dans les temps.","17/08/2024","28/07/2024","Clémentine S.",302,,
2024-08-16,3,4,"L'éliminateur de peluches fonctionne correctement sur mes pulls.","16/08/2024","21/07/2024","Valentine A.",303,,
2024-08-15,3,5,"Le nettoyeur vapeur nettoie sans produits chimiques ! Parfait !","15/08/2024","26/07/2024","Alphonsine O.",304,,
2024-08-14,3,5,"Excellent service ! Question le matin, réponse l'après-midi.","14/08/2024","19/07/2024","Joséphine E.",305,,
2024-08-13,3,4,"Défroisseur correct. fait le travail sans problème","13/08/2024","24/07/2024","Philomène U.",306,,
2024-08-12,3,5,"Parfait ! L'éliminateur de peluches a sauvé mes tissus d'ameublement.","12/08/2024","17/07/2024","Blandine I.",307,,
2024-08-11,3,5,"Service client formidable ! Ils m'ont aidée à choisir le bon produit.","11/08/2024","22/07/2024","Stéphanie Y.",308,,
2024-08-10,3,4,"Nettoyeur vapeur efficace mais manuel peu clair.","10/08/2024","15/07/2024","Laurence Q.",309,,
2024-08-09,3,5,"Excellent ! Le défroisseur portatif est super pratique au quotidien.","09/08/2024","20/07/2024","Sandrine W.",310,,
2024-08-08,3,5,"Wedinery c'est du sérieux ! Produit conforme, service top.","08/08/2024","13/07/2024","Nathalie X.",311,,
2024-08-07,3,4,"L'éliminateur de peluches fait son travail sur mes vêtements.","07/08/2024","18/07/2024","Valérie Z.",312,,
2024-08-06,3,5,"Le nettoyeur vapeur décrasse même les joints de carrelage !","06/08/2024","11/07/2024","Sylviane L.",313,,
2024-08-05,3,5,"Super service ! Livraison express, emballage cadeau offert.","05/08/2024","16/07/2024","Christelle M.",314,,
2024-08-04,3,4,"Défroisseur pratique. Compact et efficace pour les voyages.","04/08/2024","09/07/2024","Pascale R.",315,,
2024-08-03,3,5,"J'adore mon éliminateur de peluches ! Mes canapés sont comme neufs.","03/08/2024","14/07/2024","Corinne D.",316,,
2024-08-02,3,5,"Excellent achat ! Site professionnel, service irréprochable.","02/08/2024","07/07/2024","Fabienne B.",317,,
2024-08-01,3,3,"Nettoyeur vapeur correct mais plus petit que sur la description.","01/08/2024","12/07/2024","Dominique P.",318,,
2024-07-31,3,5,"Parfait ! Le défroisseur chauffe vite et élimine tous les plis.","31/07/2024","05/07/2024","Murielle G.",319,,
2024-07-30,3,5,"Service après-vente formidable ! Problème résolu très rapidement.","30/07/2024","10/07/2024","Karine T.",320,,
2024-07-29,3,4,"L'éliminateur de peluches fonctionne bien sur mes tissus.","29/07/2024","03/07/2024","Céline V.",321,,
2024-07-28,3,5,"Le nettoyeur vapeur nettoie sans effort ! Mes sols sont impeccables.","28/07/2024","08/07/2024","Sabine H.",322,,
2024-07-27,3,5,"Wedinery tient ses promesses ! Qualité, rapidité, service.","27/07/2024","01/07/2024","Martine K.",323,,
2024-07-26,3,4,"Défroisseur efficace. fait le travail correctement","26/07/2024","06/07/2024","Christine N.",324,,
2024-07-25,3,5,"Excellent ! L'éliminateur de peluches redonne vie à mes pulls.","25/07/2024","30/06/2024","Éliane J.",325,,
2024-07-24,3,5,"Super service client ! Question par mail, réponse dans la journée.","24/07/2024","04/07/2024","Jocelyne F.",326,,
2024-07-23,3,4,"Nettoyeur vapeur efficace mais un peu bruyant.","23/07/2024","28/06/2024","Evelyne C.",327,,
2024-07-22,3,5,"J'adore mon défroisseur ! Plus besoin de la planche à repasser.","22/07/2024","02/07/2024","Françoise S.",328,,
2024-07-21,3,5,"Site sérieux ! Commande facile, livraison rapide.","21/07/2024","26/06/2024","Brigitte A.",329,,
2024-07-20,3,4,"L'éliminateur de peluches fait son travail sur mes canapés.","20/07/2024","01/07/2024","Monique O.",330,,
2024-07-19,3,5,"Le nettoyeur vapeur décrasse tout sans produits chimiques !","19/07/2024","24/06/2024","Jacqueline E.",331,,
2024-07-18,3,5,"Excellent service ! Livraison express respectée, produit top.","18/07/2024","29/06/2024","Nicole U.",332,,
2024-07-17,3,4,"Défroisseur correct. Compact et pratique pour voyager.","17/07/2024","22/06/2024","Chantal I.",333,,
2024-07-16,3,5,"Parfait ! L'éliminateur de peluches a redonné vie à mes textiles.","16/07/2024","27/06/2024","Annie Y.",334,,
2024-07-15,3,5,"Service client réactif ! Problème résolu rapidement.","15/07/2024","20/06/2024","Véronique Q.",335,,
2024-07-14,3,4,"Nettoyeur vapeur efficace mais manuel peu détaillé.","14/07/2024","25/06/2024","Sylvie W.",336,,
2024-07-13,3,5,"Excellent ! Le défroisseur portatif est devenu indispensable.","13/07/2024","18/06/2024","Isabelle X.",337,,
2024-07-12,3,5,"Wedinery au top ! Livraison express, produit conforme.","12/07/2024","23/06/2024","Marie-Claire Z.",338,,
2024-07-11,3,4,"L'éliminateur de peluches fonctionne bien sur mes vêtements.","11/07/2024","16/06/2024","Danielle L.",339,,
2024-07-10,3,5,"Le nettoyeur vapeur nettoie même les taches incrustées !","10/07/2024","21/06/2024","Patricia M.",340,,
2024-07-09,3,5,"Super service ! Question par chat, réponse immédiate.","09/07/2024","14/06/2024","Michèle R.",341,,
2024-07-08,3,4,"Défroisseur pratique. fait son travail sans problème","08/07/2024","19/06/2024","Denise D.",342,,
2024-07-07,3,5,"J'adore mon éliminateur de peluches ! Mes textiles sont comme neufs.","07/07/2024","12/06/2024","Colette B.",343,,
2024-07-06,3,5,"Excellent achat ! Site professionnel, livraison express.","06/07/2024","17/06/2024","Ginette P.",344,,
2024-07-05,3,3,"Nettoyeur vapeur correct mais notice en anglais seulement.","05/07/2024","10/06/2024","Yvette G.",345,,
2024-07-04,3,5,"Parfait ! Le défroisseur chauffe rapidement et fait des merveilles.","04/07/2024","15/06/2024","Simone T.",346,,
2024-07-03,3,5,"Service après-vente au top ! Ils ont résolu mon souci rapidement.","03/07/2024","08/06/2024","Huguette V.",347,,
2024-07-02,3,4,"L'éliminateur de peluches fait bien son travail sur mes canapés.","02/07/2024","13/06/2024","Georgette H.",348,,
2024-07-01,3,5,"Le nettoyeur vapeur décrasse sans effort ! Mes sols brillent.","01/07/2024","06/06/2024","Pierrette K.",349,,
2024-06-30,3,5,"Wedinery c'est du pro ! Produit de qualité, service impeccable.","30/06/2024","11/06/2024","Jeannette N.",350,,
2024-06-29,3,4,"Défroisseur efficace. Compact et léger pour les voyages.","29/06/2024","04/06/2024","Bernadette J.",351,,
2024-06-28,3,5,"Excellent ! L'éliminateur de peluches redonne vie à tous mes textiles.","28/06/2024","09/06/2024","Andrée F.",352,,
2024-06-27,3,5,"Super service client ! Réponse rapide par mail. Très pro !","27/06/2024","02/06/2024","Henriette C.",353,,
2024-06-26,3,4,"Nettoyeur vapeur efficace mais un peu lourd.","26/06/2024","07/06/2024","Thérèse S.",354,,
2024-06-25,3,5,"J'adore mon défroisseur ! Fini les plis sur mes vêtements.","25/06/2024","31/05/2024","Madeleine A.",355,,
2024-06-24,3,5,"Site sérieux ! Commande facile, livraison dans les temps.","24/06/2024","05/06/2024","Germaine O.",356,,
2024-06-23,3,4,"L'éliminateur de peluches fait son travail sur mes tissus.","23/06/2024","29/05/2024","Lucienne E.",357,,
2024-06-22,3,5,"Le nettoyeur vapeur nettoie sans produits chimiques ! Parfait !","22/06/2024","03/06/2024","Fernande U.",358,,
2024-06-21,3,5,"Excellent service ! Question le matin, réponse l'après-midi.","21/06/2024","27/05/2024","Raymonde I.",359,,
2024-06-20,3,4,"Défroisseur correct. fait le travail sans problème","20/06/2024","01/06/2024","Marcelle Y.",360,,
2024-06-19,3,5,"Parfait ! L'éliminateur de peluches a sauvé mes tissus d'ameublement.","19/06/2024","25/05/2024","Odette Q.",361,,
2024-06-18,3,5,"Service client formidable ! Ils m'ont aidée à choisir.","18/06/2024","30/05/2024","Paulette W.",362,,
2024-06-17,3,4,"Nettoyeur vapeur efficace mais manuel peu clair.","17/06/2024","23/05/2024","Rolande X.",363,,
2024-06-16,3,5,"Excellent ! Le défroisseur portatif est super pratique.","16/06/2024","28/05/2024","Josette Z.",364,,
2024-06-15,3,5,"Wedinery tient ses engagements ! Qualité et service au top.","15/06/2024","21/05/2024","Solange L.",365,,
2024-06-14,3,4,"L'éliminateur de peluches fonctionne bien sur mes vêtements.","14/06/2024","26/05/2024","Arlette M.",366,,
2024-06-13,3,5,"Le nettoyeur vapeur décrasse même les joints !","13/06/2024","19/05/2024","Jacqueline R.",367,,
2024-06-12,3,5,"Super service ! Livraison express, emballage cadeau offert.","12/06/2024","24/05/2024","Claudette D.",368,,
2024-06-11,3,4,"Défroisseur pratique. Compact pour voyager.","11/06/2024","17/05/2024","Juliette B.",369,,
2024-06-10,3,5,"J'adore mon éliminateur de peluches ! Mes canapés sont nickel.","10/06/2024","22/05/2024","Christiane P.",370,,
2024-06-09,3,5,"Excellent achat ! Site professionnel, service irréprochable.","09/06/2024","15/05/2024","Louisette G.",371,,
2024-06-08,3,3,"Nettoyeur vapeur correct mais plus petit que prévu.","08/06/2024","20/05/2024","Suzanne T.",372,,
2024-06-07,3,5,"Parfait ! Le défroisseur chauffe vite et fait des miracles.","07/06/2024","13/05/2024","Georgette V.",373,,
2024-06-06,3,5,"Service après-vente formidable ! Problème résolu rapidement.","06/06/2024","18/05/2024","Marguerite H.",374,,
2024-06-05,3,4,"L'éliminateur de peluches fait bien son travail.","05/06/2024","11/05/2024","Antoinette K.",375,,
2024-06-04,3,5,"Le nettoyeur vapeur nettoie sans effort ! Mes carreaux brillent.","04/06/2024","16/05/2024","Berthe N.",376,,
2024-06-03,3,5,"Wedinery au top ! Livraison rapide, produit de qualité.","03/06/2024","09/05/2024","Léonie J.",377,,
2024-06-02,3,4,"Défroisseur efficace. fait le travail correctement","02/06/2024","14/05/2024","Jeanne F.",378,,
2024-06-01,3,5,"Excellent ! L'éliminateur redonne vie à mes pulls.","01/06/2024","07/05/2024","Augustine C.",379,,
2024-05-31,3,5,"Super service client ! Réponse rapide par mail.","31/05/2024","12/05/2024","Célestine S.",380,,
2024-05-30,3,4,"Nettoyeur vapeur efficace mais un peu bruyant.","30/05/2024","05/05/2024","Ernestine A.",381,,
2024-05-29,3,5,"J'adore mon défroisseur ! Plus besoin de planche à repasser.","29/05/2024","10/05/2024","Alexandrine O.",382,,
2024-05-28,3,5,"Site sérieux ! Commande facile, livraison rapide.","28/05/2024","03/05/2024","Clémentine E.",383,,
2024-05-27,3,4,"L'éliminateur fait son travail sur mes canapés.","27/05/2024","08/05/2024","Valentine U.",384,,
2024-05-26,3,5,"Le nettoyeur vapeur décrasse tout sans chimie !","26/05/2024","01/05/2024","Alphonsine I.",385,,
2024-05-25,3,5,"Excellent service ! Livraison express respectée.","25/05/2024","06/05/2024","Joséphine Y.",386,,
2024-05-24,3,4,"Défroisseur correct. Compact pour les voyages.","24/05/2024","29/04/2024","Philomène Q.",387,,
2024-05-23,3,5,"Parfait ! L'éliminateur a redonné vie à mes textiles.","23/05/2024","04/05/2024","Blandine W.",388,,
2024-05-22,3,5,"Service client réactif ! Problème résolu rapidement.","22/05/2024","27/04/2024","Stéphanie X.",389,,
2024-05-21,3,4,"Nettoyeur efficace mais manuel peu détaillé.","21/05/2024","02/05/2024","Laurence Z.",390,,
2024-05-20,3,5,"Excellent ! Le défroisseur est devenu indispensable.","20/05/2024","25/04/2024","Sandrine L.",391,,
2024-05-19,3,5,"Wedinery c'est du sérieux ! Produit conforme.","19/05/2024","30/04/2024","Nathalie M.",392,,
2024-05-18,3,4,"L'éliminateur fonctionne bien sur mes vêtements.","18/05/2024","23/04/2024","Valérie R.",393,,
2024-05-17,3,5,"Le nettoyeur nettoie même les taches anciennes !","17/05/2024","28/04/2024","Sylviane D.",394,,
2024-05-16,3,5,"Super service ! Question par chat, réponse immédiate.","16/05/2024","21/04/2024","Christelle B.",395,,
2024-05-15,3,4,"Défroisseur pratique. fait son travail","15/05/2024","26/04/2024","Pascale P.",396,,
2024-05-14,3,5,"J'adore ! Mes textiles sont comme neufs.","14/05/2024","19/04/2024","Corinne G.",397,,
2024-05-13,3,5,"Excellent achat ! Site professionnel.","13/05/2024","24/04/2024","Fabienne T.",398,,
2024-05-12,3,3,"Nettoyeur correct mais notice en anglais uniquement.","12/05/2024","17/04/2024","Dominique V.",399,,
2024-05-11,3,5,"Parfait ! Le défroisseur fait des merveilles.","11/05/2024","22/04/2024","Murielle H.",400,,
2024-05-10,3,5,"Service après-vente au top !","10/05/2024","15/04/2024","Karine K.",401,,
2024-05-09,3,4,"L'éliminateur fait bien son travail.","09/05/2024","20/04/2024","Céline N.",402,,
2024-05-08,3,5,"Le nettoyeur décrasse sans effort !","08/05/2024","13/04/2024","Sabine J.",403,,
2024-05-07,3,5,"Wedinery tient ses promesses !","07/05/2024","18/04/2024","Martine F.",404,,
2024-05-06,3,4,"Défroisseur efficace.","06/05/2024","11/04/2024","Christine C.",405,,
2024-05-05,3,5,"Excellent ! Redonne vie à mes pulls.","05/05/2024","16/04/2024","Éliane S.",406,,
2024-05-04,3,5,"Super service client !","04/05/2024","09/04/2024","Jocelyne A.",407,,
2024-05-03,3,4,"Nettoyeur efficace mais bruyant.","03/05/2024","14/04/2024","Evelyne O.",408,,
2024-05-02,3,5,"J'adore mon défroisseur !","02/05/2024","07/04/2024","Françoise E.",409,,
2024-05-01,3,5,"Site sérieux ! Livraison rapide.","01/05/2024","12/04/2024","Brigitte U.",410,,
2024-04-30,3,4,"L'éliminateur fait son travail.","30/04/2024","05/04/2024","Monique I.",411,,
2024-04-29,3,5,"Le nettoyeur décrasse tout !","29/04/2024","10/04/2024","Jacqueline Y.",412,,
2024-04-28,3,5,"Excellent service !","28/04/2024","03/04/2024","Nicole Q.",413,,
2024-04-27,3,4,"Défroisseur correct.","27/04/2024","08/04/2024","Chantal W.",414,,
2024-04-26,3,5,"Parfait ! Textiles comme neufs.","26/04/2024","01/04/2024","Annie X.",415,,
2024-04-25,3,5,"Service client réactif !","25/04/2024","06/04/2024","Véronique Z.",416,,
2024-04-24,3,4,"Nettoyeur efficace.","24/04/2024","30/03/2024","Sylvie L.",417,,
2024-04-23,3,5,"Excellent ! Défroisseur indispensable.","23/04/2024","04/04/2024","Isabelle M.",418,,
2024-04-22,3,5,"Wedinery au top !","22/04/2024","28/03/2024","Marie-Claire R.",419,,
2024-04-21,3,4,"L'éliminateur fonctionne bien.","21/04/2024","02/04/2024","Danielle D.",420,,
2024-04-20,3,5,"Le nettoyeur nettoie tout !","20/04/2024","26/03/2024","Patricia B.",421,,
2024-04-19,3,5,"Super service !","19/04/2024","31/03/2024","Michèle P.",422,,
2024-04-18,3,4,"Défroisseur pratique.","18/04/2024","24/03/2024","Denise G.",423,,
2024-04-17,3,5,"J'adore ! Textiles comme neufs.","17/04/2024","29/03/2024","Colette T.",424,,
2024-04-16,3,5,"Excellent achat !","16/04/2024","22/03/2024","Ginette V.",425,,
2024-04-15,3,3,"Nettoyeur correct mais petit.","15/04/2024","27/03/2024","Yvette H.",426,,
2024-04-14,3,5,"Parfait ! Défroisseur rapide.","14/04/2024","20/03/2024","Simone K.",427,,
2024-04-13,3,5,"Service après-vente top !","13/04/2024","25/03/2024","Huguette N.",428,,
2024-04-12,3,4,"L'éliminateur fait le job.","12/04/2024","18/03/2024","Georgette J.",429,,
2024-04-11,3,5,"Le nettoyeur décrasse sans effort !","11/04/2024","23/03/2024","Pierrette F.",430,,
2024-04-10,3,5,"Wedinery c'est du pro !","10/04/2024","16/03/2024","Jeannette C.",431,,
2024-04-09,3,4,"Défroisseur efficace.","09/04/2024","21/03/2024","Bernadette S.",432,,
2024-04-08,3,5,"Excellent ! Redonne vie aux textiles.","08/04/2024","14/03/2024","Andrée A.",433,,
2024-04-07,3,5,"Super service client !","07/04/2024","19/03/2024","Henriette O.",434,,
2024-04-06,3,4,"Nettoyeur efficace.","06/04/2024","12/03/2024","Thérèse E.",435,,
2024-04-05,3,5,"J'adore mon défroisseur !","05/04/2024","17/03/2024","Madeleine U.",436,,
2024-04-04,3,5,"Site sérieux !","04/04/2024","10/03/2024","Germaine I.",437,,
2024-04-03,3,4,"L'éliminateur fait son travail.","03/04/2024","15/03/2024","Lucienne Y.",438,,
2024-04-02,3,5,"Le nettoyeur nettoie tout !","02/04/2024","08/03/2024","Fernande Q.",439,,
2024-04-01,3,5,"Excellent service !","01/04/2024","13/03/2024","Raymonde W.",440,,
2024-03-31,3,4,"Défroisseur correct.","31/03/2024","06/03/2024","Marcelle X.",441,,
2024-03-30,3,5,"Parfait ! Éliminateur efficace.","30/03/2024","11/03/2024","Odette Z.",442,,
2024-03-29,3,5,"Service client réactif !","29/03/2024","04/03/2024","Paulette L.",443,,
2024-03-28,3,4,"Nettoyeur efficace.","28/03/2024","09/03/2024","Rolande M.",444,,
2024-03-27,3,5,"Excellent ! Défroisseur indispensable.","27/03/2024","02/03/2024","Josette R.",445,,
2024-03-26,3,5,"Wedinery tient ses promesses !","26/03/2024","07/03/2024","Solange D.",446,,
2024-03-25,3,4,"L'éliminateur fonctionne bien.","25/03/2024","28/02/2024","Arlette B.",447,,
2024-03-24,3,5,"Le nettoyeur décrasse même les joints !","24/03/2024","05/03/2024","Jacqueline P.",448,,